ingredient,density
alfalfa sprouts,0.14
all-purpose flour,0.5
allspice,0.404
almond butter,0.911
almond milk,1.03
almonds,0.481
ancho chile powder,0.972
apple cider vinegar,1.216
apricot or peach jam,1.352
apricot preserves,1.352
arborio rice,0.88
artichoke hearts,0.708333333
artichoke hearts (canned or frozen),0.708333333
artichokes (marinated and quartered),0.708333333
arugula,0.084
avocado oil,0.91
baby arugula,0.084
baby corn,0.696
baby spinach,0.12
baking powder,1
baking soda,2.2
balsamic glaze,1.216
balsamic vinaigrette,1.016
balsamic vinegar,1.3
bamboo shoots,0.644
barbecue sauce,1.208
basil leaves,0.1
basmati rice,0.828
bean sprouts,0.36
beef,1.02
beef - cooked,1.036
beef broth,1
beer,1.1
bell pepper,0.5
bell peppers,0.5
bell peppers (any color),0.5
bell peppers (red and green),0.5
beni shoga (red pickled ginger),1
black beans,0.592
black beans (cooked and seasoned),0.592
black pepper,0.568
black grapes,0.604
black olives,1.06
black peppercorns,0.568
black raspberries,0.568
blackberries,0.608
blue cheese,0.948
blue cheese crumbles,0.948
blueberries,0.624
boiling water,1
bok choy,0.36
brandy,0.948
bread cubes,0.156
breadcrumbs,0.508
broccoli florets,0.36
broth,1
brown rice,0.76
brown sugar,0.928
brown sugar - packed,0.928
brown lentils,0.812
buffalo sauce,0.956
butter,0.911
buttermilk,1.032
cabbage,0.376
cabbage (green or purple),0.376
cabbage - shredded,0.28
caesar dressing,0.992
cajun seasoning,0.508
cannellini beans,1.1
canola oil,0.92
capers,0.58
carrot,1.04
carrot - shredded,0.18
carrots,1.04
carrots - diced,1.04
carrots - shredded,0.18
cashew nuts,0.481
cashews,0.481
cashews - roasted unsalted,0.481
cauliflower florets,0.36
cayenne pepper,0.36
celery,0.404
celery seed,0.44
cheddar cheese - shredded,0.472
cheddar cheese,1.076
cheerios,0.125
cheerios oat crunch,0.125
cheese,1.076
cherry tomatoes,0.928
cherry tomatoes (halved),0.928
chia seeds,0.88
chicken - cooked,1.036
chicken broth,1
chicken breast - cooked and shredded,0.956
chicken broth - low-sodium,1
chicken broth broth,1
chihuahua cheese - shredded,0.472
chili garlic sauce,1.216
chili powder,0.54
chili flakes,0.488
chipotle peppers in adobo sauce,1.016
chives,0.204
chocolate chips,0.712
chocolate protein powder,0.5
chopped cilantro,0.252
chopped cooked chorizo,0.78
chopped cooked spinach,0.804
chopped fresh cilantro,0.252
chopped fresh parsley,0.252
chopped cooked ham,0.568
chopped fresh chives,0.204
chopped fresh chives or dill,0.204
chopped fresh herbs,0.252
"chopped fresh herbs (parsley, basil, oregano)",0.252
chopped green cabbage,0.296
chopped green chiles,1.016
chopped parsley,0.252
chopped napa cabbage,0.376
"chopped vegetables (such as onions, peppers, mushrooms)",0.5
chopped walnuts,0.481
cilantro,0.068
cilantro - chopped,0.068
cilantro leaves,0.068
cinnamon,0.528
clam juice,1.032
clarified butter (ghee),0.95
coarse sea salt,1.216
cocoa powder,0.364
coconut flakes,0.508
coconut milk,1.024
coconut oil,0.92
coconut water,1.036
cognac,1.004
coke classic,1
cold unsalted butter,0.911
cold water,1
cooked vegetables (chopped),0.98
cooked and shredded chicken,not necessary
cooked and shredded meat,not necessary
cooked chicken,1.036
cooked chicken breast,1.036
cooked rice,0.768
cooked rice (preferably cold),0.768
cooked vermicelli noodles (thin rice noodles),0.744
cooked white rice,0.768
coriander,0.068
coriander powder,0.404
corn,0.696
corn kernels,0.696
corn kernels (fresh or frozen),0.696
corn syrup,1.388
cornichons,0.628
cornmeal,0.664
cornstarch,0.54
cotija cheese,0.508
couscous,0.732
cream cheese,0.992
cream of tartar,0.608
cream of wheat,0.732
creamy peanut butter,1.084
crema mexicana (mexican sour cream),1.016
crispy tortilla strips,0.236
croutons,0.168
crumbled queso fresco cheese,0.516
crushed breadcrumbs,0.508
crushed red pepper flakes,0.404
crushed tomatoes (canned),1.024
cucumber,0.44
cumin,0.404
cumin powder,0.404
cumin seeds,0.404
curry powder,0.428
dark chocolate chips,0.712
dashi stock,1
day-old bread,0.58
diced cooked ham,0.596
diced cherry tomatoes,1.064
diced tomatoes,1.064
dijon mustard,1.016
dill,0.208
dill pickles,0.656
ditalini pasta,0.472
dried anchovies - myulchi,0.099583333
dried basil,0.304
dried black soybeans (seoritae),0.392
dried chickpeas,0.716
dried fruit,0.472
dried green lentils,0.812
dried hijiki seaweed,0.57
dried oregano,0.204
dried thyme,0.292
dried cranberries,0.676
dried dill,0.208
dried navy beans,0.896
dried parsley,0.108
dried wakame seaweed,0.34
dry white wine,0.992
dry red wine,0.996
edamame,0.656
egg noodles,0.16
enchilada sauce,1.048
espresso,1.016
extra virgin olive oil,0.948
extra-virgin olive oil,0.948
fava beans,0.636
fava beans (fresh or frozen),0.636
feta cheese,0.472
fish sauce,1.216
fish stock,1.032
five-spice powder,0.324
flour,0.5
fresh cilantro,0.068
fresh dill,0.036
fresh epazote leaves,0.404
fresh arugula,0.084
fresh basil,0.1
fresh basil leaves,0.1
fresh breadcrumbs,0.44
fresh cranberries,0.424
fresh flat-leaf parsley,0.256
fresh ginger,0.404
fresh gooseberries,0.6
fresh mint,0.108
fresh mint leaves,0.108
fresh oregano,0.204
fresh oregano leaves,0.204
fresh parsley,0.256
fresh pesto,1.048
fresh rosemary,0.116
fresh spinach,0.128
fresh tarragon leaves,0.2
fresh thyme,0.164
fresh thyme leaves,0.164
freshly grated nutmeg,0.472
fried onion rings,79
frozen corn,0.696
frozen lima beans,0.7
frozen mango chunks,0.696
frozen mixed berries,0.688
frozen peaches,0.252
frozen peas,0.676
frozen pineapple chunks,1.036
frozen strawberries,1.076
garam masala,0.488
garlic,0.576
garlic powder,0.646666667
ginger,0.404
ginger-garlic paste,1.084
goat cheese,0.948
gochugaru (korean chili flakes),1
gochujang (korean chili paste),1.2
goji berries,0.373333333
gorgonzola cheese,0.948
graham cracker crumbs,0.508
granola,0.516
granulated sugar,1.58
grapefruit juice,1.044
grated parmesan cheese,0.452
grated daikon radish,0.232
grated ginger,1.016
greek vinaigrette,0.948
greek yogurt,0.96
green beans,0.48
green lentils,0.592
green olives,1.06
green onion,0.3
green onions,0.3
green peppercorns,0.324
grilled corn,0.576
grilled chicken breast,0.592
ground cinnamon,0.528
ground cumin,0.404
ground nutmeg,0.404
ground sichuan peppercorn,0.4
ground black pepper,0.568
ground cloves,0.44
ground coriander,0.404
ground ginger,0.352
ground paprika,0.46
ground turmeric,0.636
gruyã¨re cheese,0.916
gruyã¨re cheese - shredded,0.472
gruyere cheese,0.916
gruyere cheese - shredded,0.472
guacamole,1.692
half-and-half,1.024
heavy cream,1.008
heavy whipping cream,1.008
herbes de provence,0.068
hoisin sauce,1.084
hollandaise sauce,1.088
hominy,0.696
honey,1.4
honey nut cheerios,0.125
hummus,1.04
ice cubes,1
ikura (salmon roe),0.948
italian dressing,0.992
italian sausage,0.584
italian seasoned breadcrumbs,0.38
italian seasoning,0.164
kahlua (or other coffee liqueur),1.15
kalamata olives,0.508
kasuri methi (dried fenugreek leaves),0.733333333
ketchup,1.133333333
kewpie mayonnaise,0.948
kimchi,0.6
korean broth,1
korean radish,0.492
korean red pepper flakes (gochugaru),0.488
korean anchovy broth,1
korean fish cake broth (dashi),1
kosher salt,1.2
lemon juice,1.032
lemon zest,0.404
lentils,0.812
lentils (any variety),0.812
lettuce,0.2
light mayonnaise,0.948
light brown sugar,0.928
lime juice,1.024
lime zest,0.404
long-grain white rice,0.804
low-sodium chicken broth,1
maple syrup,1.332
marinara sauce,1.032
marsala wine (dry),0.996
masa harina,0.54
mashed potatoes,0.968
mayonnaise,0.948
melted butter,0.911
milk,1.03
minced ginger,0.912
mint leaves,0.031
mirin,1.49
miso paste,1.016
mixed greens,0.148
mixed salad greens,0.148
molasses,1.4
monterey jack cheese - shredded,0.472
monterey jack cheese,0.472
mozzarella cheese,1.11
mozzarella cheese - shredded,0.472
mung bean sprouts,0.44
mushrooms,0.383445946
mustard,1.052
napa cabbage,1.016
neutral oil,0.948
nicoise olives or large green olives,1.06
nicoise olives - pitted,1.06
"niã§oise olives,pitted",1.06
nuka (rice bran),0.5
nutmeg,0.472
nutritional yeast,0.184
nuts,0.481
oatmeal,0.692
oaxaca cheese,0.472
oil,0.92
old bay seasoning,0.488
olive oil,0.917
olives,1.06
olives (black or green),1.06
onion,0.512
onion - medium,0.512
onion powder,0.468
orange juice,1.05
orange zest,0.404
oregano,0.204
oyster sauce,1.084
oyster sauce - vegetarian,1.084
packed light brown sugar,0.928
panko breadcrumbs,0.252
paprika,0.46
parboiled rice,0.78
parmesan cheese,0.628
parmesan cheese - shredded,0.452
parmigiano-reggiano cheese,0.628
parsley,0.256
peanut butter,1.084
peanut oil,0.916
peanuts,0.481
peas,0.612
pecans,0.481
pecorino romano cheese,0.628
pepitas (pumpkin seeds),0.424
pepper,0.568
peppercorns,0.568
pepperoni,0.584
perilla leaves (kkaennip),0.08
pickle relish,1.036
pimentã³n (spanish paprika),0.46
pine nuts,0.572
pineapple,0.696
pineapple chunks,0.696
pinto beans (dry),0.592
pizza sauce,1.016
plain greek yogurt,0.96
plain yogurt,1.03
plant-based milk,1.032
polenta,0.704
potato starch,0.812
powdered sugar,0.809
pumpkin seeds,0.424
queso fresco cheese,1.076
queso fresco cheese - shredded,0.472
queso fresco,1.076
quinoa,0.64
radishes,0.492
raisins,0.778
ranch dressing,1.016
red bell pepper,0.5
red onion,0.512
red chili powder,0.54
red chili sauce,1.148
red pepper flakes,0.488
red pepper flakes (crushed),0.404
red raspberries,0.592
red wine,0.996
red wine - dry,0.996
red wine vinegar,1
redcurrants,0.472
refried beans,0.976
rice,0.824
rice vinegar,0.989
rice vinegar - seasoned,0.989
ricotta cheese,1.016
roasted corn,0.576
roasted peanuts,0.481
rolled oats,0.352
romaine lettuce,0.2
rosemary,0.224
saffron,0.144
saffron threads,0.144
sage,0.488
sake,0.957
salad greens,0.3
salmon flakes (cooked and flaked),0.227
salsa,1.1
salsa (roja or verde),1.1
salt,1.2
sea salt,1.216
seeds,0.608
self-rising flour,0.508
semi-sweet chocolate chips,0.712
semolina flour,0.575
sesame oil,0.919
sesame seeds,1.224
shallots,0.676
shaoxing wine (or dry sherry),0.998
sharp cheddar cheese - shredded,0.472
shichimi togarashi (japanese seven-spice powder),0.404
shiitake mushrooms,0.72
short-grain rice,0.844
shortening,0.868
shredded cabbage,0.296
shredded chicken,0.956
shredded cooked beef,0.625
shredded cooked chicken,0.956
shredded cheddar cheese,0.472
shredded cheese,0.472
shredded cheese (cheddar or mozzarella),0.472
shredded cheese (cheddar or Monterey Jack),0.472
shredded coconut,0.352
shredded cooked chicken breast,0.956
shredded cooked vegetables,0.64
shredded green or white cabbage,0.296
shredded mozzarella cheese,0.472
shredded napa cabbage,0.288
shreddies,0.229166667
shrimp,0.72
sichuan peppercorns,0.4
sliced red onion,0.512
sliced almonds,0.512
slivered almonds,0.481
small pasta,0.516
smoked paprika,0.46
snap peas,0.72
snow peas,0.272
sour cream,0.972
sour cherries,0.436
soy sauce,1.076
soy milk,1.04
soy sauce - light,1.076
soy sauce - low-sodium,1.076
soybeans,0.753
sparkling water,1
special k cereal,0.132
spinach,0.118
spinach leaves,0.118
sprite,1
sriracha,1.32
sriracha sauce,1.32
strawberries,1.146
sugar,1.58
sun-dried tomatoes,0.964
sushi rice,1.452
sushi rice - cooked,2.1054
sushi rice vinegar,0.989
sweet cherries,1.024
swiss cheese,1.1
tabasco sauce,0.952
taco seasoning,0.608
tahini,1
takoyaki sauce,1.2
tamarind paste,1.016
tenkasu (tempura flakes),0.44
thyme,0.184
thyme leaves,0.184
toasted almonds,0.481
toasted coconut flakes,0.508
toasted pecans,0.481
toasted pine nuts,0.572
toasted sesame oil,0.919
toasted sesame seeds,1.224
tomato,205
tomato sauce (crushed or diced),1.032
tomato paste,1.264
tomato sauce,1.032
tonkatsu sauce,0.844
tuna (canned in water),0.652
turmeric,0.636
turmeric powder,0.636
unsalted butter,0.911
unsweetened cocoa powder,0.948
vanilla extract,0.948
vanilla greek yogurt,0.96
vanilla protein powder,0.5
vegan butter,0.911
vegan cheese,1.076
vegan mozzarella,0.472
vegan parmesan,0.628
vegan cheese - shredded,0.472
vegetable broth,1
vegetable oil,0.92
vegetable shortening,0.76
vegetable broth - low-sodium,1
vinegar,0.96
vodka,0.97
wakame seaweed,0.34
walnuts,0.481
warm water,1
warm milk,1.03
water,1
water chestnuts,1.1
watermelon,1.03
white onion,0.512
white vinegar,0.512
white wine,0.992
white grapes,0.64
white miso paste,1.016
white pepper,0.488
white rice,0.788
white sugar,1.58
white wine (dry),0.992
whole milk,1.03
whole black peppercorns,0.568
wild rice,0.676
worcestershire sauce,1.164
yellow mustard,1.016
yellow onion,0.512
yellow raisins,0.512
anchovy kelp stock (kombu dashi),1
assorted shellfish,0.96
baby bok choy,0.36
black pepper - ground,0.568
cantaloupe,0.676
cashews - roasted and salted,0.58
char siu (barbecued pork),1.052
chicken stock,1
chungjang (korean black bean paste),1.164
cooked shrimp,0.72
cooking oil,0.948
cranberries,0.424
cream,0.98
dashi powder,0.3
doenjang (korean soybean paste),1.352
doubanjiang (fermented chili bean paste),1.016
dried apricots,0.556
dried chili peppers,0.272
dried mangoes,0.556
firm tofu,1.064
frozen vegetable mix,0.572
garlic - minced,1.016
gochujang (korean red chili paste),1.016
grapes,0.64
green bell pepper,0.5
honeydew melon,0.748
hot sauce,1.016
instant coffee,0.204
kimchi juice,1.016
mango,0.696
margerine,0.96
milk - one percent,1.03
raw cashews - whole,0.54
red lentils,0.592
rice vinegar - white,1.004
short-grain white rice,0.844
short-grain white rice - cooked,0.868
soy sauce - low sodium,1.076
soy sauce low-sodium,1.076
sugar - white,1.58
white or button mushrooms,0.296
white rice - cooked,0.768
wood ear mushrooms,0.084
yellow miso paste,1.016
